train_size,time,detector,cleaner,gt_#cat_col,gt_#num_col,repaired_#cat_col,repaired_#num_col,dirty_#cat_col,dirty_#num_col,allCat_total_repairs,allCat_tp,allCat_actual_#errors,allCat_p,allCat_r,allCat_f,onlyNum_rmse_repaired,onlyNum_rmse_dirty,onlyCat_total_repairs,onlyCat_tp,onlyCat_actual_#errors,onlyCat_p,onlyCat_r,onlyCat_f,models,cleaning_runtime
,,,,,,,,,,,,,,,,,,,,,,,,,
5000,39:11.0,metadata_driven,mlImputer-seperate-bayesianRidge-missForest,8,7,8,7,15,0,61181,10749,61912,0.1756918,0.173617392,0.174648437,1.484809207,1.236570431,5141,3655,5141,0.710951177,0.710951177,0.710951177,,34.01374984
10000,40:50.0,metadata_driven,mlImputer-seperate-bayesianRidge-missForest,8,7,8,7,15,0,61181,8817,61912,0.144113369,0.14241181,0.143257537,1.399415113,1.236570431,5141,3655,5141,0.710951177,0.710951177,0.710951177,,34.37052536
15000,42:03.5,metadata_driven,mlImputer-seperate-bayesianRidge-missForest,8,7,8,7,15,0,61181,7070,61912,0.115558752,0.11419434,0.114872495,1.317079427,1.236570431,5141,3655,5141,0.710951177,0.710951177,0.710951177,,34.90368915
20000,47:51.6,metadata_driven,mlImputer-seperate-bayesianRidge-missForest,8,7,8,7,15,0,61181,5200,61912,0.084993707,0.08399018,0.084488964,1.226387254,1.236570431,5141,3655,5141,0.710951177,0.710951177,0.710951177,,33.70943785
25000,49:05.1,metadata_driven,mlImputer-seperate-bayesianRidge-missForest,8,7,8,7,15,0,61181,4225,61912,0.069057387,0.068242021,0.068647283,1.154068194,1.236570431,5141,3655,5141,0.710951177,0.710951177,0.710951177,,34.4543643
30000,50:07.2,metadata_driven,mlImputer-seperate-bayesianRidge-missForest,8,7,8,7,15,0,61181,4084,61912,0.06675275,0.065964595,0.066356332,1.118931549,1.236570431,5141,3655,5141,0.710951177,0.710951177,0.710951177,,34.78067803
35000,51:08.5,metadata_driven,mlImputer-seperate-bayesianRidge-missForest,8,7,8,7,15,0,61181,3957,61912,0.064676942,0.063913296,0.064292852,1.081364407,1.236570431,5141,3655,5141,0.710951177,0.710951177,0.710951177,,34.7172749
40000,52:19.5,metadata_driven,mlImputer-seperate-bayesianRidge-missForest,8,7,8,7,15,0,61181,3792,61912,0.061980026,0.061248223,0.061611952,1.041863652,1.236570431,5141,3655,5141,0.710951177,0.710951177,0.710951177,,34.68300104
45222,21:15.9,metadata_driven,mlImputer-seperate-bayesianRidge-missForest,8,7,8,7,15,0,61181,3655,61912,0.059740769,0.059035405,0.059385993,0.905723146,1.236570431,5141,3655,5141,0.710951177,0.710951177,0.710951177,,34.92695379
